INSERT INTO categories (id, categoryname, description, parentcategoryid) VALUES (1, 'Телефоны и фототехника', 'Смартфоны, камеры, аксессуары', NULL);
INSERT INTO categories (id, categoryname, description, parentcategoryid) VALUES (2, 'Бытовая техника', 'Техника для дома и кухни', NULL);
INSERT INTO categories (id, categoryname, description, parentcategoryid) VALUES (3, 'ТВ', 'Телевизоры и медиаустройства', NULL);
INSERT INTO categories (id, categoryname, description, parentcategoryid) VALUES (4, 'ПК и ноутбуки', 'Компьютеры, ноутбуки, комплектующие', NULL);
INSERT INTO categories (id, categoryname, description, parentcategoryid) VALUES (5, 'Смартфоны', 'Мобильные телефоны нового поколения', 1);
INSERT INTO categories (id, categoryname, description, parentcategoryid) VALUES (6, 'Фотокамеры', 'Цифровые и зеркальные камеры', 1);
INSERT INTO categories (id, categoryname, description, parentcategoryid) VALUES (7, 'Наушники', 'Проводные и беспроводные наушники', 1);
INSERT INTO categories (id, categoryname, description, parentcategoryid) VALUES (8, 'Холодильники', 'Разнообразные модели холодильников', 2);
INSERT INTO categories (id, categoryname, description, parentcategoryid) VALUES (9, 'Стиральные машины', 'Автоматические и полуавтоматические', 2);
INSERT INTO categories (id, categoryname, description, parentcategoryid) VALUES (10, 'Микроволновки', 'СВЧ-печи разных брендов', 2);
INSERT INTO categories (id, categoryname, description, parentcategoryid) VALUES (11, 'Смарт-ТВ', 'Современные телевизоры с интернетом', 3);
INSERT INTO categories (id, categoryname, description, parentcategoryid) VALUES (12, 'Медиа приставки', 'TV box и стриминговые устройства', 3);
INSERT INTO categories (id, categoryname, description, parentcategoryid) VALUES (13, 'Ноутбуки', 'Устройства для работы и учебы', 4);
INSERT INTO categories (id, categoryname, description, parentcategoryid) VALUES (14, 'Мониторы', 'Дисплеи различных диагоналей', 4);
INSERT INTO categories (id, categoryname, description, parentcategoryid) VALUES (15, 'Комплектующие', 'Процессоры, видеокарты, ОЗУ', 4);
INSERT INTO addresses (id, street, housenumber, additionalinfo) VALUES (1, 'Main St', '100', '');
INSERT INTO manufacturers (id, name, description, contactinfo, address) VALUES (1, 'Samsung', 'Корейский производитель электроники', 'info@samsung.com', 1);
INSERT INTO addresses (id, street, housenumber, additionalinfo) VALUES (2, 'Main St', '101', '');
INSERT INTO manufacturers (id, name, description, contactinfo, address) VALUES (2, 'LG', 'Производитель бытовой техники', 'info@lg.com', 2);
INSERT INTO addresses (id, street, housenumber, additionalinfo) VALUES (3, 'Main St', '102', '');
INSERT INTO manufacturers (id, name, description, contactinfo, address) VALUES (3, 'Sony', 'Японский бренд техники', 'info@sony.com', 3);
INSERT INTO addresses (id, street, housenumber, additionalinfo) VALUES (4, 'Main St', '103', '');
INSERT INTO manufacturers (id, name, description, contactinfo, address) VALUES (4, 'Xiaomi', 'Китайская электроника', 'info@xiaomi.com', 4);
INSERT INTO addresses (id, street, housenumber, additionalinfo) VALUES (5, 'Main St', '104', '');
INSERT INTO manufacturers (id, name, description, contactinfo, address) VALUES (5, 'Asus', 'Техника и ноутбуки', 'info@asus.com', 5);
INSERT INTO products (id, name, description, image, quantity, price, categoryid, manufacturerid) VALUES (1, 'Samsung Galaxy S23', 'Флагман от Samsung', 'https://c.dns-shop.ru/thumb/st4/fit/wm/0/0/7407228fb0ef6b0ee5223c6db420116a/9720394c2ab9a1b1f54d4f80d22a82fc73e51b4da4088a91b723f535e7864daf.jpg.webp', 35, 2398.64, 5, 5);
INSERT INTO products (id, name, description, image, quantity, price, categoryid, manufacturerid) VALUES (2, 'Xiaomi Redmi Note 13', 'Бюджетный смартфон', 'https://c.dns-shop.ru/thumb/st1/fit/0/0/3df336561598fe5d6d29524e84d57a5c/c535077fe172ce14b87dc57b1c9a0d3873cf76bf608832dfa58f4f928759fe0c.jpg.webp', 52, 1890.26, 5, 5);
INSERT INTO products (id, name, description, image, quantity, price, categoryid, manufacturerid) VALUES (3, 'Sony Alpha A6400', 'Беззеркальная камера', 'https://c.dns-shop.ru/thumb/st1/fit/wm/0/0/52e2d8fb8e7a90c08e66d402b4971bcd/b3e9eead597cb15f27d7bf0fdbc502b589d7778fd55e21122050f264776be6d3.jpg.webp', 62, 1201.12, 6, 3);
INSERT INTO products (id, name, description, image, quantity, price, categoryid, manufacturerid) VALUES (4, 'Sony WH-1000XM4', 'Беспроводные наушники с шумоподавлением', 'https://c.dns-shop.ru/thumb/st4/fit/wm/0/0/a04633b7eb923ebba96d134b436cf4fc/98b9e05e914b1509d829607b96d3dbd3df7295e8704604cb4c8e45c8cd788b6b.jpg.webp', 13, 733.05, 7, 5);
INSERT INTO products (id, name, description, image, quantity, price, categoryid, manufacturerid) VALUES (5, 'LG GA-B509', 'Двухкамерный холодильник', 'https://c.dns-shop.ru/thumb/st4/fit/wm/0/0/f9f309f0496c38e402358f0306cb5f4f/2ffc1e1c1f2b4e4b5b94382ea4c3ec781788de3578a0761d2aca4dcd922be4a3.jpg.webp', 58, 673.08, 8, 4);
INSERT INTO products (id, name, description, image, quantity, price, categoryid, manufacturerid) VALUES (6, 'Samsung WW90T', 'Стиральная машина с AI Control', 'https://c.dns-shop.ru/thumb/st1/fit/wm/0/0/73ab5bb03984f67682ae86400711a671/25eead112d3919904c9be2df2fdb4a4553b63e894539c2034235f4dcd23a2db5.jpg.webp', 40, 1151.54, 9, 4);
INSERT INTO products (id, name, description, image, quantity, price, categoryid, manufacturerid) VALUES (7, 'Panasonic NN-ST342', 'Микроволновая печь с грилем', 'https://c.dns-shop.ru/thumb/st1/fit/wm/0/0/192ffb77cc12713dec709d5b2e1398f2/b69d33d002140697031cb9c571af32e52c1d5a65175bd8f0e647af1e1fc47691.jpg.webp', 84, 2184.92, 10, 3);
INSERT INTO products (id, name, description, image, quantity, price, categoryid, manufacturerid) VALUES (8, 'LG OLED55', '55-дюймовый OLED телевизор', 'https://img.mvideo.ru/Big/10032150bb.jpg', 32, 993.64, 11, 1);
INSERT INTO products (id, name, description, image, quantity, price, categoryid, manufacturerid) VALUES (9, 'Xiaomi Mi Box S', 'Приставка на Android TV', 'https://c.dns-shop.ru/thumb/st4/fit/0/0/b76897eab70ddae1400f1be9cfafa7e5/d58a8c1b5ce615f3b92d5212e3cd82a651ea2626cb80e3874d7c321d23094779.jpg.webp', 36, 422.96, 12, 1);
INSERT INTO products (id, name, description, image, quantity, price, categoryid, manufacturerid) VALUES (10, 'Asus ZenBook 14', 'Компактный ноутбук для работы', 'https://c.dns-shop.ru/thumb/st1/fit/0/0/c724ba8c8c1c32b08649ad582c437cd2/c08c0e614931c7a53f09e649cd27a6d77376b48dc75c3b3984708ec872984338.jpg.webp', 16, 1510.53, 13, 5);
INSERT INTO products (id, name, description, image, quantity, price, categoryid, manufacturerid) VALUES (11, 'Samsung Odyssey G5', 'Игровой монитор 144 Гц', 'https://c.dns-shop.ru/thumb/st4/fit/0/0/42cf06d91fd795bd384e374f8b808e57/3fb06eb83f1523fbb884c8a43f673dc1ce6acf11ad6f1e8666893130718d7370.jpg.webp', 57, 1197.37, 14, 2);
INSERT INTO products (id, name, description, image, quantity, price, categoryid, manufacturerid) VALUES (12, 'Intel Core i7-12700K', 'Процессор для настольного ПК', 'https://c.dns-shop.ru/thumb/st4/fit/wm/0/0/9bca8415d35ce85ff36dc4febeebef57/1293a887ee0de3b1c764e784eafdbb75170a6d20505db52bf455674b08287906.jpg.webp', 23, 1307.96, 15, 5);
